mask_number,E_length,E_width,E_total
1,0.003252,0.004249,0.007501
20,0.004084,0.003885,0.007969
26,0.000701,0.002606,0.003306
3,0.000102,0.001982,0.002084
22,0.004370,0.009795,0.014165
12,0.007601,0.017494,0.025095
18,0.008907,0.012197,0.021104
19,0.001156,0.001926,0.003082
0,0.014280,0.006275,0.020555
4,0.007190,0.018184,0.025375
7,0.007798,0.097301,0.105099
6,0.013030,0.011992,0.025022
10,0.019213,0.011714,0.030927
15,0.026975,0.047505,0.074481
