{
  "0": {"cam_K": [639.9976942274305, 0.0, 639.5, 0.0, 639.9976942274305, 359.5, 0.0, 0.0, 1.0], "cam_R_w2c": [0.9947466254234314, 0.10236763209104538, 2.1542842176813792e-08, 0.03136957809329033, -0.3048305809497833, -0.9518900513648987, -0.09744270890951157, 0.9468894004821777, -0.30644041299819946], "cam_t_w2c": [-597.413818359375, 423.7172546386719, 574.099609375], "depth_scale": 1.0},
  "1": {"cam_K": [639.9976942274305, 0.0, 639.5, 0.0, 639.9976942274305, 359.5, 0.0, 0.0, 1.0], "cam_R_w2c": [0.8967663645744324, -0.44250431656837463, -7.34463156959464e-10, -0.31598594784736633, -0.6403679251670837, -0.7000584602355957, 0.3097788691520691, 0.6277888417243958, -0.714085578918457], "cam_t_w2c": [-1289.7012939453125, 594.899169921875, 193.16546630859375], "depth_scale": 1.0},
  "2": {"cam_K": [639.9976942274305, 0.0, 639.5, 0.0, 639.9976942274305, 359.5, 0.0, 0.0, 1.0], "cam_R_w2c": [0.9996252655982971, 0.027373824268579483, 4.2027981095316136e-10, 0.0038383598439395428, -0.14016751945018768, -0.9901203513145447, -0.027103381231427193, 0.9897493124008179, -0.1402200609445572], "cam_t_w2c": [-572.9688110351562, 455.40277099609375, 389.1271057128906], "depth_scale": 1.0},
  "3": {"cam_K": [639.9976942274305, 0.0, 639.5, 0.0, 639.9976942274305, 359.5, 0.0, 0.0, 1.0], "cam_R_w2c": [0.9980852007865906, 0.0618538074195385, -5.077935405495282e-09, 0.013450308702886105, -0.21703702211380005, -0.9760708212852478, -0.060373689979314804, 0.9742018580436707, -0.21745339035987854], "cam_t_w2c": [-1043.060546875, 429.6545715332031, 530.1387329101562], "depth_scale": 1.0}
}