{
  "0": [{"cam_R_m2c": [-0.9958384037017822, -0.09113634377717972, 1.383441894375892e-08, -0.02792786806821823, 0.3051651120185852, -0.9518898129463196, 0.08675175905227661, -0.9479284882545471, -0.3064403533935547], "cam_t_m2c": [121.26837921142578, 285.8759765625, 778.7379760742188], "obj_id": 0}],
  "1": [{"cam_R_m2c": [-0.8928576707839966, 0.4503389596939087, -2.851079727861361e-08, 0.32158055901527405, 0.6375767588615417, -0.7000584602355957, -0.315263569355011, -0.6250525712966919, -0.7140855193138123], "cam_t_m2c": [-1328.5250244140625, 314.2867126464844, 372.33868408203125], "obj_id": 0}],
  "2": [{"cam_R_m2c": [0.9997429847717285, 0.022671060636639595, 1.1021166201885535e-09, 0.0031789366621524096, -0.14018388092517853, -0.9901203513145447, -0.02244707942008972, 0.9898658394813538, -0.14021991193294525], "cam_t_m2c": [-148.73846435546875, 264.275146484375, 1250.1929931640625], "obj_id": 0}],
  "3": [{"cam_R_m2c": [0.99899822473526, 0.04474981501698494, -8.696074971226153e-09, 0.009730984456837177, -0.21723540127277374, -0.9760707020759583, -0.04367898404598236, 0.975092887878418, -0.2174532413482666], "cam_t_m2c": [-298.6512756347656, 178.7799072265625, 1341.2115478515625], "obj_id": 0}]
}