{
  "cx": 639.5,
  "cy": 359.5,
  "depth_scale": 1.0,
  "fx": 639.9976942274305,
  "fy": 639.9976942274305,
  "height": 720,
  "width": 1280
}